{"category":[{"title":"photographer","rus":"Фотограф"},{"title":"masseur","rus":"Массажист"},{"title":"makeup","rus":"Визажист"},{"title":"handyman","rus":"Муж на час"},{"title":"manicurist","rus":"Мастер маникюра"},{"title":"plumber","rus":"Сантехник"},{"title":"cosmetologist","rus":"Косметолог"},{"title":"electrician","rus":"Электрик"}],"services":[{"name":"Алексей","surname":"Игнатов","category":"photographer","phone":"+79145236123","email":"ignatov.a@mail.com","password":"Abc123!","price":"10000","direction":"from","about":"Минимальный пакет (15 фото) - 10 000₽\nСтандартный пакет (20 фото) - 13 000₽\nОптимальный пакет (25 фото) - 16 000₽\nМаксимальный пакет (30 фото) - 19 000₽\n\nСъёмка новорожденных проходит в профессиональной детской студии.\n\nОгромный выбор реквизита.\n\nМы гарантируем чистоту, тепло, безопасность, свет и уют.\n\nПриходите будем ждать ❤️\n\nЕсли имеются вопросы звоните ☺️","avatar":"img/9373319175.png","comments":[],"id":"9373319175"},{"name":"Иван","surname":"Зуев","category":"photographer","phone":"+79859991234","email":"photo@zuev.com","password":"Abc123!","price":"3500","direction":"from","about":"Интерьерный фотограф недвижимости.\n\nСъемка в формате hdr с использованием профессионального оборудования.\n\nКрасивые фотографии залог быстрой сделки и привлечения клиентов.\n\nНи менее 10 готовых фото вы получаете уже на следующий день.\nОплата в день съёмки.","avatar":"img/9817559390.png","comments":[],"id":"9817559390"},{"name":"Ульяна","surname":"Каравай","category":"photographer","phone":"+79667772581","email":"wildberries@karavay-photo.net","password":"Abc123!","price":"600","direction":"exactly","about":"Фотосъемка для маркетплейсов съемка wildberries\n\nСвоя фотостудия в центре, в 300 метрах от метро Таганская, фотосъемка одежды для маркетплейсов.\nНаша главная задача это ПРОДАТЬ и хорошо ПОДАТЬ ваш товар, а не просто сфотографировать!\n\n🔥Для вас работает команда профессионалов: модели, фотограф, ассистент, маркетолог, стилист\\визажист, ретушер! Снимаем на лучшую камеру, благодаря которой фотографии можно печатать даже на баннерах! SONY A7R4\n\nУСЛОВИЯ СОТРУДНИЧЕСТВА\n\n600₽ - необходимый минимум - 4 фото (3 ракурса и деталь, от 10 арт)\n\n900₽ - все что нужно для роста продаж - 10 фотографий (по нашему тз, от 2 арт)\n\n1200₽ - детская и бельевая съемка - 5-7 фотографий (от 4 арт)\n\n1400₽ - ваш тз / присутствие / интерьер - от 6 кадров (индивидуальный подход)\n\n400₽ - дополнительный образ\n\n🎥 Видео: УВЕЛИЧИТ ВАШИ ПРОДАЖИ ОТ 30%!\n\n600₽ - Проходка (Снимаем на ТОП КАМЕРУ, не на телефон!)\n\nОт 1000₽ - обзор, пролеты и видео с монтажом.\n\n\nИТОГО: вы получите комплект фото, готовых для размещению на маркетплейсах (Wildbеrriеs, OZON, LAMODA, YANDEX Market). В максимальном качестве и сжатом качестве (для озон), в течение 48 часов после съемки, на облачном хранилище.\n\nПреимущества работы с нами:\n\n✔️ Соответствие фотографий и видео требованиям маркетплейсов, по фону, размеру и качеству.\n\n✔️ Выразительные модели для фотосъемки, которые привлекают внимание к вашему товару.\n\n✔️ Множество товаров, успешно размещенных на WB, Ozon и других площадках.\n\n✔️ Спокойствие, ведь все вопросы, связанные с контентом для маркетплейсов, мы берем на себя.\n\n☑️ Пишите, звоните, будем рады сотрудничеству, работаем каждый будний день!\n\n📞 С 09:00 ДО 19:00 (съемки возможны круглосуточно, обговаривается отдельно)","avatar":"img/9959649239.png","comments":[],"id":"9959649239"},{"name":"Юлия","surname":"Рах","category":"photographer","phone":"+75215648811","email":"content-photo@rah.su","password":"Abc123!","price":"15000","direction":"exactly","about":"Контент фотограф\n\nСоздаю контент, который приносит большие деньги 💰🤑\n\nУникальный метод работы с клиентом, позволяет вытащить более глубинные смысл и получить фотографии, отражающие личность✨\n\nЯ прописываю клиенту визуальную стратегию, в соответствии с его целями 🤫 обсуждаю и показываю свои идеи, благодаря этому клиент гарантировано получает, что хочет\n\nФото можно использовать в продвижении, на сайтах, в Инстаграм/вк/ телеграмм\n\nКонтент получается стильным и продающим 🔥\n\nФотосессия проходит в легкости и расслабление, при этом достаточно быстро\n\nТаким образом, услуга включает в себя:\n\n- консультация + выстраивание стратегии\n- 2х-3х часовая фотосессия;\n- 20 фото в ретуши и около 150 в цвете;\n- Фотографии в разных ракурсах и образах, предметные фото - хватит на долго 🔥\n\nОтдельно можно приобрести услугу составления визуала из полученных фото\n\nНе боюсь скидывать оригиналы, потому что фотографии получаются сразу классными 😍 Вы сможете, по желанию даже выбрать самостоятельно фото на ретушь\n\nЗа более подробной информацией пишите, жду в сообщениях прямо сейчас ❤️\n\nТакже есть вариант - часовая индивидуальная фотосессия и на неё АКЦИЯ, смотрите другие объявления в профиле 🔥\n\nВсе фотографии в объявлении мои","avatar":"img/6557722632.png","comments":[],"id":"6557722632"},{"name":"Ирен","surname":"Юсупова","category":"makeup","phone":"+79133715847","email":"visage-iren@gmail.com","price":"1500","password":"Abc123!","direction":"from","about":"Топ-визажист с креативным подходом💄\n\nПостоянный визажист брендов одежды, блоггеров, it-girls!\nОбучалась у лучших визажистов России!\nОбожаю естественность в образах, даже в самом ярком макияже, за это меня ценят мои клиенты! Также очень люблю сияющие glam-макияжи.\nМой макияж никогда не выглядит «громоздко».\nИспользую в работе люксовые средства.\n\nВ макияж всегда включён премиальный уход за вашей кожей. ❤️\n\n\nВечерний макияж\n2 000 ₽\nДневной макияж\n1 500 ₽\nМакияж для фотосессии\n2 000 ₽\nСвадебный макияж\n3 000 ₽","avatar":"img/7047650643.png","comments":[],"id":"7047650643"},{"name":"Антуан","surname":"Савицкий","category":"makeup","phone":"+79176521213","email":"antuan@make-up.pro","password":"Abc123!","price":"2500","direction":"from","about":"Твой личный Визажист и проводник в Бьюти Мир ✌🏽\n\n• Делаю макияжи практически любой сложности только Люкс косметикой.\n• Опыт 17 лет визаж и 11 лет косметологии (Подбираю уход)\n• Консультирую тебя по твоей косметичке, помогаю найти аналоги люкса\n• Обучаю тебя по курсу «Сам себе визажист»\n• Расскажу и докажу как можно сохранить свою молодость без вмешательства пластических операций и уколов «красоты»\n• На любой бьюти вопрос дам тебе ответ\n\nДаже если вы мужчина-парень\n• Расскажу как поддерживать свою кожу в порядке на протяжении всей жизни\n• Расскажу и покажу как сделать красивый макияж самому себе и какие фишки помогут сделать тебя более брутальным\n\nТак же выезжаю на съемки 🎥 занимаюсь сопровождением на мероприятиях чтобы ты всегда был(а) на высоте и твой макияж был в полном порядке.\n\nСтаж более 17 лет\n\n","avatar":"img/1426536826.png","comments":[],"id":"1426536826"},{"name":"Сабина","surname":"Тутберидзе","category":"makeup","phone":"+79110110101","email":"tutberidze@gmail.com","password":"Abc123!","price":"5000","direction":"from","about":"Меня зовут Сабина, я Стилист!\n\n\nС удовольствием поработаю с Вами над созданием неповторимого образа!\n\nВ работе использую только профессиональную косметику MAC, Bobbi Brown, GIORGIO ARMANI, Gucci, Estée Lauder и другие. Укладочные средства от Schwarzkopf , TiGi, R+CO - лак, спрей, крем, пудра для волос, шпильки, невидимки.\n\nЕсли возникли дополнительные вопросы, с удовольствием отвечу!\nБуду рада сотрудничеству!","avatar":"img/3715251093.png","comments":[],"id":"3715251093"},{"name":"Егор","surname":"Савицкий","category":"handyman","phone":"+79642521465","email":"egor1995@master.ru","password":"Abc123!","price":"100","direction":"from","about":"Мастер на час. Сантехник. Электрик\n\nЗдравствуйте! Меня зовут Дмитрий, я частный мастер с опытом работы более 10 лет. Выполняю работы по сантехнике, электрике и мелкому бытовому ремонту. На фото представлены мои работы.\n\nИмею свой профессиональный инструмент и личный автомобиль, поэтому возможен срочный выезд (от 1 часа). Работаю во всех районах города.\n\nНа связи с 8:00 до 23:00, ЗВОНИТЕ!\n\n✅ Всегда готов к работе. Приезжаю на заказ подготовленным, с полным набором инструментов\n\n✅ Большой опыт работы. Выполняю любую работу качественно и добросовестно, так как являюсь профессионалом своего дела\n\n✅ Экономлю ваши деньги. Не навязываю лишних затрат и бесполезных переплат за более дорогие альтернативы\n\n✅ Работаю с любыми материалами. Покупаю и привожу материалы и запчасти сам, либо работаю с вашими, уже имеющимися\n\n✅ Делаю надежно. Немалая часть новых клиентов обращается ко мне, исходя из рекомендаций своих знакомых\n\n✅ Цена за работу без накруток. Являюсь частником, работаю сам на себя и нет нужды платить деньги людям, сидящим в офисе\n\nЗВОНИТЕ! ПРОКОНСУЛЬТИРУЮ БЕСПЛАТНО!\n\nУСЛУГИ МАСТЕР НА ЧАС:\n\nУслуга \"муж на час\"\n\nУстановка карнизов\n\nМонтаж кронштейнов для ТV\n\nУстановка турников\n\nНавеска полок на стену\n\nУстановка навесных шкафов\n\nУстановка зеркала на стену\n\nУстановка сушилки для белья\n\nУстановка вентиляционных решеток\n\nСверление отверстий\n\nУстановка унитаза,раковин,смесителей,ванн\n\nУСЛУГИ САНТЕХНИКА:\n\nУстановка и подключение посудомойки, стиральной машины\n\nУстановка водонагревателя\n\nУстановка и замена смесителя\n\nУстановка и подключение унитаза\n\nУстановка и подключение ванны\n\nСборка и установка душевой кабины\n\nСборка и установка каркаса инсталляции\n\nЗамена крана\n\nМонтаж и демонтаж гибкой подводки\n\nРемонт переключателя душа\n\nУстановка штанги для душа\n\nЗамена лейки душа\n\nГерметизация ванны, мойки-раковины, душевой кабины или поддона\n\nДемонтаж и монтаж душевого поддона\n\nЗамена фильтра грубой и тонкой отчистки\n\nУстановка тройника\n\nУстановка коллектора\n\nУСЛУГИ ЭЛЕКТРИКА:\n\nУстановка розеток и выключателей\n\nУстановка компьютерной, антенной, телефонной розетки\n\nУстановка кабель каналов\n\nУстановка коробки\n\nСборка и установка люстры\n\nСборка и установка настенных и потолочных светильников, бра\n\nУстановка и подключение автомата\n\nУстановка и монтаж распределительного щита\n\nУстройство ниши под электрощит\n\nЗамена розетки/выключателя\n\nЗамена блока выключателей туалет/ванна/кухня\n\nЗВОНИТЕ - ВСЕГДА НА СВЯЗИ!","avatar":"img/9955421923.png","comments":[{"name":"Артур","stars":4,"text":"Отличный специалист, починил раковину и дверку у шкафа. Сделал все быстро меньше часа. Сделал все отлично, буду обращаться вновь."}],"id":"9955421923"},{"name":"Наталья","surname":"Кудряшова","category":"manicurist","phone":"+78484841221","email":"nogti258@mail.com","price":"5000","password":"Nogti258!","direction":"up to","about":"Приглашаем на процедуры по маникюру и педикюру в уютную студию , находящейся в ЖК Восток\nКоманда мастеров выполнит качественно свою работу +действует гарантия 7 дней на покрытие гель лак\n\n✔️Чисто\n✔️Стерильно\n✔️Качественно\n\nТакже , делаем наращивание экстра длины и креативные дизайны\n\nТакже предоставляется чай /кофе / wi-fi ,хорошее настроение","avatar":"img/2481058609.png","comments":[],"id":"2481058609"},{"name":"Олег","surname":"Соколов","category":"electrician","phone":"+78812267521","email":"electric@master.org","price":"300","password":"Electric24!","direction":"from","about":"Оказываю весь спектр услуг электрика качественно и недорого.\n\nБесплатно проконсультирую и выполню ремонт электрики в квартире.\n\nВыполняю срочные (аварийные) выезды. Помогу подключить свет.\n\nЗвоните прямо сейчас! Даю гарантию на все услуги электрика! \n\n⭐⭐⭐⭐⭐\n\nДобрый день.\n\nМеня зовут Андрей. Готов оказать услуги электрика по Москве, провести электромонтажные работы любой сложности. Без проблем сделаю монтаж розеток и выключателей, установку люстры и замену проводки. При срочных вызовах помогу исправить проблему с отсутствием света, замыканием проводки.\n\n📞 Звоните! Консультация бесплатная.\n\nДля полной уверенности клиента, работы осуществляю после согласования итоговой стоимости.\n\nЗвоните, интересуйтесь, решим все ваши вопросы по электрике.\n\nВыполню для вас:\n\n✅Ремонт розеток \n\n✅Ремонт выключателей\n\n✅Установка люстры\n\n✅Установка розетки для электроплиты\n\n✅Установка бра, светильников\n\n✅Прокладка светодиодной ленты\n\n✅Установка компьютерных розеток\n\n✅Штробление стен\n\n✅Замена проводки в квартире\n\nи другие услуги электрика.\n\nДелаю аварийные срочные выезды электрика на дом, в офис, салоны, производственные помещения. \n\nТакже по запросу полной замены проводки в квартире или производстве могу собрать бригаду электромонтажников.\n\n📞 Звоните! Вызывайте электрика на дом.\n\nУверен, все вопросы по домашней электрике будут решены.","avatar":"img/6267267812.png","comments":[],"id":"6267267812"},{"name":"Линда","surname":"Можова","category":"cosmetologist","phone":"+71234567890","email":"botox@mail.com","price":"2000","password":"Mozhova321!","direction":"from","about":"🔥 Увеличение губ 6.500₽\n🔥ботокс: Лоб +межбр.+Гус.лапки 7.500₽\n🔥 липолитики 5 мл 2.000₽\n🔥 салициловый пилинг 2.500₽\n🔥биоревитализация 2,5мл - 4.500🔥\n\nПриветствую! Меня зовут Марина, Я не просто косметолог, я художник и эстет. Вижу эстетику, отчетливо понимаю анатомию лица и что лучше сделать для наилучшего результата. Приходите красотульки за эстетикой и красотой, буду рада сделать вас ещё счастливее🥰 От вас только желание стать красивее, от меня шикарный результат!\nИмею медицинское образование, множество сертификатов, каждые 2 мес обучаюсь новым техникам.\n\n☑️Pабота над кaчеством кожи лицa и тeлa (увлaжнeние, омоложениe, лифтинг, питaниe, оcвeтление)\n☑️Разглаживание морщин ботоксом 130 ед\n☑️Худое лицо(второй подбородок, щечки, брыли)\n☑️ коррекция подбородка и носогубных складок\n☑️профиль Джоли, четкий овал, скулы, щечки яблочки, безоперационная ринопластика носа\n☑️Рабoтa над качeством волоc (рocт, густота, cтруктуpa, лeчeниe выпадения)\n☑️Всесезонные пилинги и многое другое\n☑️ коррекция ягодиц 50мл 20.000🔥\n☑️самых простых до самых сложных процедур!\n\nПринимаю в большом красивом кабинете! Все соц сети по запросу.\nПо всем вопросам пишите и звоните здесь или ватсап☎️","avatar":"img/7314479331.png","comments":[],"id":"7314479331"}]}